{"cameraMode":{"drawMode":0,"name":"Shaded","section":"Shading Mode"},"sceneLighting":false,"audioPlay":false,"sceneViewState":{"m_AlwaysRefresh":false,"showFog":true,"showSkybox":false,"showFlares":true,"showImageEffects":true,"showParticleSystems":true,"showVisualEffectGraphs":true,"m_FxEnabled":true},"in2DMode":false,"pivot":{"x":717.5731201171875,"y":1543.0382080078125,"z":-1.6001925468444825},"rotation":{"x":-0.02279619686305523,"y":0.03208465874195099,"z":-0.0007321669836528599,"w":-0.9992313385009766},"size":1.405432105064392,"orthographic":false}