{"cameraMode":{"drawMode":0,"name":"Shaded","section":"Shading Mode"},"sceneLighting":false,"audioPlay":false,"sceneViewState":{"m_AlwaysRefresh":false,"showFog":true,"showSkybox":true,"showFlares":true,"showImageEffects":true,"showParticleSystems":true,"showVisualEffectGraphs":true,"m_FxEnabled":true},"in2DMode":false,"pivot":{"x":-2.1163415908813478,"y":-3.7525293827056886,"z":60.61479187011719},"rotation":{"x":-0.058558810502290729,"y":0.2363976687192917,"z":-0.01427499670535326,"w":-0.9697923064231873},"size":18.369895935058595,"orthographic":false}