{"cameraMode":{"drawMode":0,"name":"Shaded","section":"Shading Mode"},"sceneLighting":false,"audioPlay":false,"sceneViewState":{"m_AlwaysRefresh":false,"showFog":true,"showSkybox":true,"showFlares":true,"showImageEffects":true,"showParticleSystems":true,"showVisualEffectGraphs":true,"m_FxEnabled":true},"in2DMode":false,"pivot":{"x":5.876607418060303,"y":-1.6550111770629883,"z":-0.5915069580078125},"rotation":{"x":-0.31333640217781069,"y":-0.14818817377090455,"z":0.04957118630409241,"w":-0.9367001056671143},"size":10.920249938964844,"orthographic":false}