{"cameraMode":{"drawMode":0,"name":"Shaded","section":"Shading Mode"},"sceneLighting":false,"audioPlay":false,"sceneViewState":{"m_AlwaysRefresh":false,"showFog":true,"showSkybox":false,"showFlares":true,"showImageEffects":true,"showParticleSystems":true,"showVisualEffectGraphs":true,"m_FxEnabled":true},"in2DMode":false,"pivot":{"x":-4.3537445068359379,"y":-1.4236124753952027,"z":-2.700385093688965},"rotation":{"x":-0.12245979905128479,"y":0.09275197982788086,"z":-0.011495172046124936,"w":-0.9880664348602295},"size":1.4686765670776368,"orthographic":false}